Model,MAE_mean,MAE_std,RMSE_mean,RMSE_std,MAPE_mean,MAPE_std,N_windows
SeasonalNaive,3622.145833333333,2544.9904960003846,4175.387690606505,2655.5883049667,11.112771309268053,7.089281942853976,107
AutoETS,4095.8709575598155,1858.31828310629,4733.162199479875,2072.1983629614556,13.124733168390266,5.58673279389352,107
XGBoost,2485.904489677643,1571.8607317219005,3035.9546203245936,1826.3240127717038,7.687188733482913,4.8789745263052975,107
Raw Chronos (Zero-shot),3006.2553304036455,1389.3865525122965,4032.109180371628,1903.2314491799698,9.25577421438721,4.054716108415918,107
STL + Chronos (Zero-shot),4148.243853665005,3058.076863124235,4698.723222597187,3158.8068441879705,12.85937279881362,8.963344486042024,107
STL + DoW + Chronos (Zero-shot),4248.461329792344,3050.7992002298583,4866.649689372046,3137.890210837627,13.211465114156962,9.011652891133288,107
STL + DoW + Chronos + LoRA,4228.960027122131,3096.8727788354163,4814.041819565036,3203.286921067155,13.155986563061768,9.197437214642937,107
