{
  "train_loss": [
    20.071311892941594,
    19.982205966487527,
    19.90586381033063,
    19.88215239532292,
    19.685873551294208,
    19.671348406001925,
    19.54464840516448,
    19.349413624033332,
    19.18486275151372,
    19.070614533498883
  ],
  "val_loss": [
    15.7296875,
    15.69375,
    15.621875,
    15.5390625,
    15.4375,
    15.31875,
    15.2203125,
    15.1046875,
    14.9890625,
    14.8796875
  ]
}