{
  "train_loss": [
    18.78095508284039,
    18.626678361384958,
    18.4222026820536,
    18.191706834567917,
    17.93651535831116,
    17.670463473156648,
    17.418377961273546,
    17.202666571846716,
    17.033465554868734,
    16.8912200541408
  ],
  "val_loss": [
    18.396205357142858,
    18.205636160714285,
    17.954520089285715,
    17.6640625,
    17.369698660714285,
    17.105747767857142,
    16.86328125,
    16.65625,
    16.517857142857142,
    16.410295758928573
  ]
}