{
  "train_loss": [
    20.054114819959153,
    19.965695579384647,
    19.77414553525836,
    19.587400738583053,
    19.40214303343795,
    19.22903026397838,
    19.102449978506844,
    18.97703178122986,
    18.91036622052969,
    18.85063751076543
  ],
  "val_loss": [
    19.917613636363637,
    19.741477272727273,
    19.5625,
    19.357954545454547,
    19.176136363636363,
    19.014204545454547,
    18.883522727272727,
    18.798295454545453,
    18.75,
    18.701704545454547
  ]
}